fold_id,loss,accuracy,precision,recall,roc_auc,pr_auc,f1_score,mcc
0.0,0.5412486496427844,0.7466141168040129,0.7200530163919742,0.7168954759718739,0.8240681543353636,0.7980294501298818,0.7182270439582586,0.4878374406574704
1.0,0.5356131328020846,0.7502868617326449,0.7346379799331254,0.7098666709247705,0.8267951829639989,0.8014314512514343,0.7216431994719952,0.4958224009318524
2.0,0.5370672729932606,0.746395431834404,0.7283769126962883,0.7057720350419343,0.8237202918674161,0.8009894578649179,0.7163886147171663,0.4877120764743933
3.0,0.5372242401177671,0.7487048522437066,0.7355540005928494,0.7102119008801532,0.8279757900857352,0.8077941872263772,0.7220989573832542,0.4936880429701751
4.0,0.5315831471603801,0.7480104181739257,0.7260537294485241,0.7138881713708218,0.8274510432869701,0.8035276642309361,0.7195035117249674,0.49094856846196283
