fold_id,loss,accuracy,precision,recall,roc_auc,pr_auc,f1_score,mcc
0.0,0.689813776617243,0.7193816884661117,0.7249427822625595,0.769846295913533,0.7866948294441142,0.7980107909575654,0.7467176729943891,0.43368867744872175
1.0,0.7027905200664551,0.72294887039239,0.7310139296596314,0.7521762190193966,0.7863463266851218,0.7968941596685494,0.7414304027942925,0.4434216802100364
2.0,0.6438328430995647,0.7384066587395958,0.7546836680662902,0.7835048172051501,0.8132383729841707,0.8312866356086505,0.7683453826359988,0.46911661009726147
3.0,0.6753124177749521,0.7364532019704434,0.745886440934806,0.7629041248941656,0.7970699817676262,0.799956373393242,0.7540450072640856,0.47098078986106834
4.0,0.63180985674705,0.760998810939358,0.7936299762884587,0.7675220249098915,0.8323942676594085,0.8539547007375892,0.7803393351478894,0.517233396115116
